{"cameraMode":{"drawMode":0,"name":"Shaded","section":"Shading Mode"},"sceneLighting":true,"audioPlay":false,"sceneViewState":{"showFog":true,"showMaterialUpdate":false,"showSkybox":true,"showFlares":true,"showImageEffects":true,"showParticleSystems":true},"in2DMode":false,"pivot":{"x":4.4662065505981449,"y":2.585742950439453,"z":4.873641014099121},"rotation":{"x":-0.05926739424467087,"y":0.9406531453132629,"z":-0.24250385165214539,"w":-0.22989356517791749},"size":19.420852661132814,"orthographic":false}