{"cameraMode":{"drawMode":0,"name":"Shaded","section":"Shading Mode"},"sceneLighting":true,"audioPlay":false,"sceneViewState":{"showFog":true,"showMaterialUpdate":false,"showSkybox":true,"showFlares":true,"showImageEffects":true,"showParticleSystems":true},"in2DMode":false,"pivot":{"x":2.2910594940185549,"y":1.1403038501739503,"z":9.483368873596192},"rotation":{"x":-0.00010319537250325084,"y":-0.9998822808265686,"z":0.007809677626937628,"w":-0.013207471929490567},"size":5.335780620574951,"orthographic":false}